search_term,app_name,bundle_id,developer_name,developer_url,support_url,genre,rating,track_view_url
bank,Bank of America Mobile Banking,com.bankofamerica.BofA,Bank of America,,,Finance,4.81353,https://apps.apple.com/us/app/bank-of-america-mobile-banking/id284847138?uo=4
bank,Chase Mobile®: Bank & Invest,com.chase,"JPMorgan Chase Bank, NA",https://www.chase.com/online/services/mobile-banking.htm,,Finance,4.84143,https://apps.apple.com/us/app/chase-mobile-bank-invest/id298867247?uo=4
bank,Chime – Mobile Banking,com.1debit.ChimeProdApp,"Chime Financial, Inc.",http://www.chime.com/,,Finance,4.8234,https://apps.apple.com/us/app/chime-mobile-banking/id836215269?uo=4
bank,Capital One Mobile,com.capitalone.enterprisemobilebanking,"Capital One Services, LLC",https://www.capitalone.com/applications/mobile/,,Finance,4.85044,https://apps.apple.com/us/app/capital-one-mobile/id407558537?uo=4
bank,Wells Fargo Mobile®,com.wf.mobilebanking,Wells Fargo Bank,https://www.wellsfargo.com/mobile,,Finance,4.85744,https://apps.apple.com/us/app/wells-fargo-mobile/id311548709?uo=4
bank,Current - Mobile Banking,com.current.currentapp,"Finco Services, Inc.",https://current.com,,Finance,4.7736,https://apps.apple.com/us/app/current-mobile-banking/id1077366211?uo=4
bank,Citi Mobile®,com.citigroup.citimobile,"Citibank, N.A.",http://www.citibank.com,,Finance,4.88026,https://apps.apple.com/us/app/citi-mobile/id301724680?uo=4
bank,U.S. Bank Mobile Banking,com.usbank.icmobilebanking,U.S. Bancorp,http://usbank.com/mobile,,Finance,4.79704,https://apps.apple.com/us/app/u-s-bank-mobile-banking/id458734623?uo=4
bank,Varo Bank: Online Banking,com.varomoney.VaroBank,"Varo Money, Inc.",https://www.varomoney.com,,Finance,4.86391,https://apps.apple.com/us/app/varo-bank-online-banking/id1517676784?uo=4
bank,PNC Mobile Banking,com.pnc.pncmobile,"PNC Bank, N.A.",https://www.pnc.com/en/customer-service/mobile-app-directory.html,,Finance,4.85267,https://apps.apple.com/us/app/pnc-mobile-banking/id303113127?uo=4
bank,Navy Federal Credit Union,org.navyfederal.nfcuforiphone,Navy Federal Credit Union,https://www.navyfederal.org/services/mobile-online-banking.html,,Finance,4.88745,https://apps.apple.com/us/app/navy-federal-credit-union/id370811491?uo=4
bank,"SoFi: Bank, Invest & Crypto",com.sofi.mobile,"Social Finance, LLC",https://www.sofi.com,,Finance,4.74998,https://apps.apple.com/us/app/sofi-bank-invest-crypto/id1191985736?uo=4
bank,TD Bank (US),com.tdbank.iphoneapp,"TD Bank, N.A.",http://www.tdbank.com,,Finance,4.81112,https://apps.apple.com/us/app/td-bank-us/id382107453?uo=4
bank,Venmo,net.kortina.labs.Venmo,"The Delancey Corporation, LLC",https://venmo.com/,,Finance,4.85218,https://apps.apple.com/us/app/venmo/id351727428?uo=4
bank,Discover Mobile,com.discoverfinancial.mobile,Discover Financial Services,http://www.discover.com/mobile,,Finance,4.86045,https://apps.apple.com/us/app/discover-mobile/id338010821?uo=4
bank,"PayPal - Pay, Send, Save",com.yourcompany.PPClient,"PayPal, Inc.",https://www.paypal.com/mobile,,Finance,4.78277,https://apps.apple.com/us/app/paypal-pay-send-save/id283646709?uo=4
bank,GO2bank: Mobile banking,com.greendotcorp.go2bank,Green Dot Corporation,https://www.GO2bank.com,,Finance,4.76998,https://apps.apple.com/us/app/go2bank-mobile-banking/id1534345772?uo=4
bank,Robinhood Banking,com.robinhood.release.Money,Robinhood Markets Inc,https://robinhood.com,,Finance,4.93884,https://apps.apple.com/us/app/robinhood-banking/id6462308655?uo=4
bank,OnePay – Mobile Banking,com.onefinance.one,"One Finance, Inc.",https://onepay.com,,Finance,4.85412,https://apps.apple.com/us/app/onepay-mobile-banking/id1494523953?uo=4
bank,Cash App,com.squareup.cash,"Block, Inc.",https://cash.app,,Finance,4.79157,https://apps.apple.com/us/app/cash-app/id711923939?uo=4
bank,Truist Mobile,com.truistmobile.truist,Truist Financial Corporation,,,Finance,4.79981,https://apps.apple.com/us/app/truist-mobile/id1555389200?uo=4
bank,Amex,com.americanexpress.amexservice,American Express,http://www.americanexpress.com/mobile,,Finance,4.88114,https://apps.apple.com/us/app/amex/id362348516?uo=4
bank,"Revolut: Send, spend and save",com.revolut.revolut,Revolut Ltd,https://revolut.com,,Finance,4.71073,https://apps.apple.com/us/app/revolut-send-spend-and-save/id932493382?uo=4
bank,Huntington Mobile Banking,com.huntington.m,"The Huntington National Bank, Inc",https://www.huntington.com,,Finance,4.83478,https://apps.apple.com/us/app/huntington-mobile-banking/id441599004?uo=4
bank,Credit One Bank Mobile,com.creditonebank.mobile,"Credit One Bank, National Association",https://www.creditonebank.com,,Finance,4.77027,https://apps.apple.com/us/app/credit-one-bank-mobile/id1128712763?uo=4
bank,N26 — Love your bank,de.no26.Number26,N26 AG,https://n26.com/en-eu?utm_source=appstore&utm_medium=description,,Finance,4.63739,https://apps.apple.com/us/app/n26-love-your-bank/id956857223?uo=4
bank,Monzo - Mobile Banking,io.b2a.BankProd,Monzo Bank Limited,https://monzo.com/usa/,,Finance,4.75234,https://apps.apple.com/us/app/monzo-mobile-banking/id1052238659?uo=4
bank,"Ally: Bank, Auto & Invest",com.ally.MobileBanking,Ally Financial Inc.,http://www.ally.com/,,Finance,4.65798,https://apps.apple.com/us/app/ally-bank-auto-invest/id514374715?uo=4
bank,Citizens Bank Mobile Banking,com.CitizensBank.MobileBankingApp,"Citizens Bank, N.A.",http://www.citizensbank.com/online-and-mobile-banking/apps.aspx,,Finance,4.75196,https://apps.apple.com/us/app/citizens-bank-mobile-banking/id388082488?uo=4
bank,Fifth Third: 53 Mobile Banking,com.clairmail.fth.client,FifthThird Bank,,,Finance,4.75709,https://apps.apple.com/us/app/fifth-third-53-mobile-banking/id468738585?uo=4
bank,"Dave: Credit, Cash & Money App",com.trydave.dave,"Dave, Inc",https://dave.com,,Finance,4.78899,https://apps.apple.com/us/app/dave-credit-cash-money-app/id1193801909?uo=4
bank,Step: Bank and Build Credit,com.step.step,Step Mobile Inc,https://step.com,,Finance,4.74234,https://apps.apple.com/us/app/step-bank-and-build-credit/id1438006983?uo=4
bank,KeyBank Mobile Banking,com.keybank.mobile,KeyBank National Association,,,Finance,4.71997,https://apps.apple.com/us/app/keybank-mobile-banking/id510717503?uo=4
bank,Albert: Budgeting and Banking,com.albert.Albert,Albert Corporation,https://albert.com/,,Finance,4.63698,https://apps.apple.com/us/app/albert-budgeting-and-banking/id1057771088?uo=4
bank,BMO Digital Banking,com.fis.071025661SUB,BMO Bank National Association,https://www.bmo.com/en-us/main/personal/,,Finance,4.76903,https://apps.apple.com/us/app/bmo-digital-banking/id538891526?uo=4
bank,MAJORITY: Mobile banking,com.majority.Majority,"Majority USA, LLC",https://majority.com/en,,Finance,4.89998,https://apps.apple.com/us/app/majority-mobile-banking/id1458589760?uo=4
bank,Green Dot - Mobile Banking,com.greendotcorp.mobilebanking,Green Dot Corporation,https://www.greendot.com/our-products#mobile,,Finance,3.44315,https://apps.apple.com/us/app/green-dot-mobile-banking/id437092808?uo=4
bank,FirstBank Mobile Banking App,com.efirstbank.mobilebanking,FirstBank Holding Company,https://efirstbank.com,,Finance,4.80907,https://apps.apple.com/us/app/firstbank-mobile-banking-app/id703216566?uo=4
bank,Santander Bank US,com.sovereign.santander.us.public..Personal-Banking,Santander Bank,,,Finance,4.74981,https://apps.apple.com/us/app/santander-bank-us/id613009563?uo=4
bank,Frost Bank,com.frostbank.mobileapp,Frost Bank,https://www.frostbank.com/Pages/Online-mobile-iphone.aspx,,Finance,4.93308,https://apps.apple.com/us/app/frost-bank/id605494138?uo=4
bank,GreenFi - Mobile Banking,com.aspiration.summit,"Mission Financial Partners, LLC",https://www.greenfi.com/,,Finance,4.70376,https://apps.apple.com/us/app/greenfi-mobile-banking/id1074342516?uo=4
bank,M&T Mobile Banking,com.mtb.mbanking10,M&T Bank,http://www.mtb.com/mobile,,Finance,4.87315,https://apps.apple.com/us/app/m-t-mobile-banking/id397761931?uo=4
bank,Wise - Global Money,com.transferwise.Transferwise,Wise Payments Ltd,https://wise.com/us/,,Finance,4.65994,https://apps.apple.com/us/app/wise-global-money/id612261027?uo=4
bank,BankMobile,com.higherone.mobile.ios.oneaccount,"BM TECHNOLOGIES, INC.",https://www.firstcarolinabank.com/bankmobile/home,,Finance,4.68175,https://apps.apple.com/us/app/bankmobile/id578435033?uo=4
bank,Synchrony Bank,com.syf.synchronybank,Synchrony Financial,https://www.synchronybank.com/,,Finance,4.83434,https://apps.apple.com/us/app/synchrony-bank/id1357695194?uo=4
bank,Porte: Mobile Banking,com.portebanking.porteapp,"Populus Financial Group, Inc",https://www.joinporte.com/,,Finance,4.82449,https://apps.apple.com/us/app/porte-mobile-banking/id1494730613?uo=4
bank,Found: Business Banking,app.indie.my,Indie Technologies Inc,https://found.com,,Finance,4.78728,https://apps.apple.com/us/app/found-business-banking/id1477267167?uo=4
bank,USAA Mobile,com.usaa.UsaaMobile,United Services Automobile Association,http://www.usaa.com/mobile,,Finance,4.80696,https://apps.apple.com/us/app/usaa-mobile/id312325565?uo=4
bank,myWisely: Mobile Banking,com.adp.wiselymobile,"ADP, Inc",https://www.mywisely.com,,Finance,4.67793,https://apps.apple.com/us/app/mywisely-mobile-banking/id1438858747?uo=4
finance,Yahoo Finance: Stocks & News,com.yahoo.finance,Yahoo Inc.,https://mobile.yahoo.com/finance,,Finance,4.75186,https://apps.apple.com/us/app/yahoo-finance-stocks-news/id328412701?uo=4
finance,Copilot: Track & Budget Money,com.copilot.production,"Copilot Money, Inc.",https://www.copilot.money,,Finance,4.75903,https://apps.apple.com/us/app/copilot-track-budget-money/id1447330651?uo=4
finance,Robinhood: Trading & Investing,com.robinhood.release.Robinhood,Robinhood Markets Inc,https://robinhood.com/,,Finance,4.27508,https://apps.apple.com/us/app/robinhood-trading-investing/id938003185?uo=4
finance,Rocket Money - Bills & Budgets,com.truebill.truebillnative,Rocket Money,https://www.rocketmoney.com/,,Finance,4.47858,https://apps.apple.com/us/app/rocket-money-bills-budgets/id1130616675?uo=4
finance,Fidelity Investments,com.fidelity.watchlist,Fidelity Investments,http://www.fidelity.com,,Finance,4.78669,https://apps.apple.com/us/app/fidelity-investments/id348177453?uo=4
finance,Bloomberg: Business News Daily,com.bloomberg.Bloomberg,Bloomberg Finance LP,http://www.bloomberg.com,,News,4.59096,https://apps.apple.com/us/app/bloomberg-business-news-daily/id281941097?uo=4
finance,Intuit Credit Karma,com.creditkarma.mobile,"Credit Karma, Inc.",https://www.creditkarma.com,,Finance,4.843,https://apps.apple.com/us/app/intuit-credit-karma/id519817714?uo=4
finance,Stocks,com.apple.stocks,Apple Inc.,,,Finance,4.55406,https://apps.apple.com/us/app/stocks/id1069512882?uo=4
finance,ChatGPT,com.openai.chat,"OpenAI OpCo, LLC",https://openai.com/chatgpt,,Productivity,4.85539,https://apps.apple.com/us/app/chatgpt/id6448311069?uo=4
finance,Tilt: Cash Advance & Credit,com.empower.finance,"Tilt Finance, Inc.",https://tilt.com/,,Finance,4.8472,https://apps.apple.com/us/app/tilt-cash-advance-credit/id1136397354?uo=4
finance,Webull: Investing & Trading,com.webull.trade,Webull Technologies Pte. Ltd.,https://www.webull.com,,Finance,4.70387,https://apps.apple.com/us/app/webull-investing-trading/id1179213067?uo=4
finance,Cash App,com.squareup.cash,"Block, Inc.",https://cash.app,,Finance,4.79157,https://apps.apple.com/us/app/cash-app/id711923939?uo=4
finance,CNBC: Stock Market & Business,com.nbcuni.cnbc.cnbcrtipad,Versant Media LLC,https://www.cnbc.com/,,News,4.71371,https://apps.apple.com/us/app/cnbc-stock-market-business/id398018310?uo=4
finance,Acorns: Invest For Your Future,com.acorns.investor,Acorns Grow Incorporated,http://www.acorns.com,,Finance,4.74714,https://apps.apple.com/us/app/acorns-invest-for-your-future/id883324671?uo=4
finance,Chime – Mobile Banking,com.1debit.ChimeProdApp,"Chime Financial, Inc.",http://www.chime.com/,,Finance,4.8234,https://apps.apple.com/us/app/chime-mobile-banking/id836215269?uo=4
finance,True Finance: Cash Advance,com.jointrue.app,True Finance LLC,http://jointrue.com/,,Finance,4.76994,https://apps.apple.com/us/app/true-finance-cash-advance/id6443564349?uo=4
finance,"SoFi: Bank, Invest & Crypto",com.sofi.mobile,"Social Finance, LLC",https://www.sofi.com,,Finance,4.74998,https://apps.apple.com/us/app/sofi-bank-invest-crypto/id1191985736?uo=4
finance,NerdWallet: Smart Money App,org.reactjs.native.example.MobileCreditCards,"Nerdwallet, Inc.",https://www.nerdwallet.com,,Finance,4.83205,https://apps.apple.com/us/app/nerdwallet-smart-money-app/id1174471607?uo=4
finance,"Affirm: Buy now, pay over time",com.affirm.recharge,"Affirm, Inc",http://www.affirm.com,,Shopping,4.86639,https://apps.apple.com/us/app/affirm-buy-now-pay-over-time/id967040652?uo=4
finance,Venmo,net.kortina.labs.Venmo,"The Delancey Corporation, LLC",https://venmo.com/,,Finance,4.85218,https://apps.apple.com/us/app/venmo/id351727428?uo=4
finance,"Dave: Credit, Cash & Money App",com.trydave.dave,"Dave, Inc",https://dave.com,,Finance,4.78899,https://apps.apple.com/us/app/dave-credit-cash-money-app/id1193801909?uo=4
finance,Financial Times: Business News,com.ft.ft-app-ios,Financial Times Ltd.,https://www.ft.com/tour/apps,,News,4.81911,https://apps.apple.com/us/app/financial-times-business-news/id1200842933?uo=4
finance,Capital One Mobile,com.capitalone.enterprisemobilebanking,"Capital One Services, LLC",https://www.capitalone.com/applications/mobile/,,Finance,4.85044,https://apps.apple.com/us/app/capital-one-mobile/id407558537?uo=4
finance,The Wall Street Journal. News,com.dowjones.WSJ.ipad,"Dow Jones & Company, Inc., publisher of The Wall Street Journal.",https://platforms.wsj.com/,,News,4.70648,https://apps.apple.com/us/app/the-wall-street-journal-news/id364387007?uo=4
finance,Chase Mobile®: Bank & Invest,com.chase,"JPMorgan Chase Bank, NA",https://www.chase.com/online/services/mobile-banking.htm,,Finance,4.84143,https://apps.apple.com/us/app/chase-mobile-bank-invest/id298867247?uo=4
finance,"The Economist - News, Podcasts",com.economist.lamarr,The Economist Newspaper Group Inc.,https://www.economist.com,,News,4.87133,https://apps.apple.com/us/app/the-economist-news-podcasts/id1239397626?uo=4
finance,"PayPal - Pay, Send, Save",com.yourcompany.PPClient,"PayPal, Inc.",https://www.paypal.com/mobile,,Finance,4.78277,https://apps.apple.com/us/app/paypal-pay-send-save/id283646709?uo=4
finance,Possible: Fast Cash & Credit,com.possiblefinance.mobileios,Possible Financial Inc,https://www.possiblefinance.com,,Finance,4.79006,https://apps.apple.com/us/app/possible-fast-cash-credit/id1380384597?uo=4
finance,TradingView: Track All Markets,com.tradingview.tradingviewapp,"TradingView, Inc.",https://www.tradingview.com/about/,,Finance,4.84921,https://apps.apple.com/us/app/tradingview-track-all-markets/id1205990992?uo=4
finance,Monarch: Budget & Track Money,com.monarchmoney.mobile,"Monarch Money, Inc.",https://www.monarchmoney.com,,Finance,4.88862,https://apps.apple.com/us/app/monarch-budget-track-money/id1459319842?uo=4
finance,Barron’s - Investing Insights,com.dowjones.Barrons.ipad,"Dow Jones & Company, Inc., publisher of The Wall Street Journal.",http://online.barrons.com/public/page/ipad.html,,News,4.61483,https://apps.apple.com/us/app/barrons-investing-insights/id409882593?uo=4
finance,MarketWatch - News & Data,com.dowjones.mktw,"Dow Jones & Company, Inc., publisher of The Wall Street Journal.",https://www.marketwatch.com,,Finance,4.68614,https://apps.apple.com/us/app/marketwatch-news-data/id336693422?uo=4
finance,Experian®,com.experian.experianapp,"CONSUMERINFO.COM, INC.",http://www.experian.com/?pc=map_exp_ecwapp,,Finance,4.84476,https://apps.apple.com/us/app/experian/id1087101090?uo=4
finance,Vola: Cash Advance & Credit,com.volaloans.checler,Checler Inc,https://volafinance.com,,Finance,4.56687,https://apps.apple.com/us/app/vola-cash-advance-credit/id1275913039?uo=4
finance,Brigit: Cash Advance & Credit,com.hellobrigit.Brigit,Bridge It Inc,https://hellobrigit.com,,Finance,4.83495,https://apps.apple.com/us/app/brigit-cash-advance-credit/id1341884073?uo=4
finance,Discover Mobile,com.discoverfinancial.mobile,Discover Financial Services,http://www.discover.com/mobile,,Finance,4.86045,https://apps.apple.com/us/app/discover-mobile/id338010821?uo=4
finance,OnePay – Mobile Banking,com.onefinance.one,"One Finance, Inc.",https://onepay.com,,Finance,4.85412,https://apps.apple.com/us/app/onepay-mobile-banking/id1494523953?uo=4
finance,Schwab Mobile,com.schwab.schwabmobile,The Charles Schwab Corporation,http://www.schwab.com,,Finance,4.77969,https://apps.apple.com/us/app/schwab-mobile/id407358186?uo=4
finance,MoneyLion: Banking & Cash Back,com.MoneyLion.MoneyLion,MoneyLion Inc,https://www.moneylion.com/,,Finance,4.77675,https://apps.apple.com/us/app/moneylion-banking-cash-back/id1064677082?uo=4
finance,Beem: Cash Advance & Banking,com.useline.line,"Line Financial, Pbc",https://trybeem.com/,,Finance,4.10041,https://apps.apple.com/us/app/beem-cash-advance-banking/id1525101476?uo=4
finance,"Vanguard: Save, Invest, Retire",com.vanguard.app,"The Vanguard Group, Inc.",http://www.vanguard.com,,Finance,4.64975,https://apps.apple.com/us/app/vanguard-save-invest-retire/id335186209?uo=4
finance,Upstart: Personal Loans + More,com.upstart.mobile,"Upstart Network, Inc.",https://www.upstart.com/,,Finance,4.9018,https://apps.apple.com/us/app/upstart-personal-loans-more/id6450968733?uo=4
finance,Stocktwits,com.stocktwits.StockTwits,"StockTwits, Inc.",http://www.stocktwits.com,,Finance,4.80408,https://apps.apple.com/us/app/stocktwits/id389157776?uo=4
finance,Bank of America Mobile Banking,com.bankofamerica.BofA,Bank of America,,,Finance,4.81353,https://apps.apple.com/us/app/bank-of-america-mobile-banking/id284847138?uo=4
finance,Amex,com.americanexpress.amexservice,American Express,http://www.americanexpress.com/mobile,,Finance,4.88114,https://apps.apple.com/us/app/amex/id362348516?uo=4
finance,EveryDollar: Budget Management,com.everydollar.EveryDollar,The Lampo Group Incorporated,https://www.ramseysolutions.com/ramseyplus/everydollar,,Finance,4.73607,https://apps.apple.com/us/app/everydollar-budget-management/id942571931?uo=4
finance,Marcus by Goldman Sachs®,com.marcus.ios,Goldman Sachs,http://www.marcus.com/,,Finance,4.85737,https://apps.apple.com/us/app/marcus-by-goldman-sachs/id1489511701?uo=4
wallet,Apple Wallet,com.apple.Passbook,Apple Inc.,https://www.apple.com/wallet/,,Finance,4.76769,https://apps.apple.com/us/app/apple-wallet/id1160481993?uo=4
wallet,Wallet - Daily Budget & Profit,com.budgetbakers.BudgetBakers,BudgetBakers s.r.o.,http://www.budgetbakers.com,,Finance,4.56906,https://apps.apple.com/us/app/wallet-daily-budget-profit/id1032467659?uo=4
wallet,MyCardWallet.,com.blackhawk.myprepaidcenter,Blackhawk Network,,,Finance,4.82531,https://apps.apple.com/us/app/mycardwallet/id1230221247?uo=4
wallet,Base: Formerly Coinbase Wallet,org.toshi.distribution,Coinbase Wallet,https://base.app,,Finance,4.55304,https://apps.apple.com/us/app/base-formerly-coinbase-wallet/id1278383455?uo=4
wallet,MetaMask: Crypto & Web3 Wallet,io.metamask.MetaMask,ConsenSys AG,https://metamask.io/,,Finance,4.73649,https://apps.apple.com/us/app/metamask-crypto-web3-wallet/id1438144202?uo=4
wallet,Phantom - Trade Markets,app.phantom,Phantom Technologies Incorporated,https://phantom.com,,Utilities,4.79675,https://apps.apple.com/us/app/phantom-trade-markets/id1598432977?uo=4
wallet,"Coinbase: Buy BTC, ETH, SOL",com.vilcsak.bitcoin2,"Coinbase, Inc.",http://www.coinbase.com,,Finance,4.68018,https://apps.apple.com/us/app/coinbase-buy-btc-eth-sol/id886427730?uo=4
wallet,Exodus: Crypto Bitcoin Wallet,exodus-movement.exodus,Exodus Movement Inc,https://exodus.com/mobile,,Finance,4.59879,https://apps.apple.com/us/app/exodus-crypto-bitcoin-wallet/id1414384820?uo=4
wallet,SafePal: Crypto Wallet BTC NFT,walletapp.safepal.io,SAFEPAL LTD.,https://www.safepal.com,,Finance,4.74532,https://apps.apple.com/us/app/safepal-crypto-wallet-btc-nft/id1548297139?uo=4
wallet,Tonkeeper — TON Wallet,com.jbig.tonkeeper,TON APPS UK LTD,https://tonkeeper.com,,Finance,4.50539,https://apps.apple.com/us/app/tonkeeper-ton-wallet/id1587742107?uo=4
wallet,Pass2U Wallet - Add store card,net.pass2u.wallet,MicroMacro Mobile Inc.,https://www.pass2u.net/apple-wallet,,Shopping,4.26363,https://apps.apple.com/us/app/pass2u-wallet-add-store-card/id1142473931?uo=4
wallet,Crypto.com: Onchain Wallet,com.defi.wallet,Onchain Wallet Limited,https://crypto.com/onchain,,Finance,4.75115,https://apps.apple.com/us/app/crypto-com-onchain-wallet/id1512048310?uo=4
wallet,Ledger Wallet™ crypto app,com.ledger.live,Ledger SAS,https://www.ledger.com/ledger-live,,Finance,4.8566,https://apps.apple.com/us/app/ledger-wallet-crypto-app/id1361671700?uo=4
wallet,"Bitget Wallet: Bitcoin, Crypto",com.bitkeep.os,BitKeep Global Inc.,https://web3.bitget.com,,Finance,4.68506,https://apps.apple.com/us/app/bitget-wallet-bitcoin-crypto/id1395301115?uo=4
wallet,Atomic Wallet,atomicwallet,ATOMIC PROTOCOL SYSTEMS OU,https://atomicwallet.io/,,Finance,4.40144,https://apps.apple.com/us/app/atomic-wallet/id1478257827?uo=4
wallet,Uniswap: Crypto & NFT Wallet,com.uniswap.mobile,Universal Navigation Inc.,https://wallet.uniswap.org/,,Finance,4.8491,https://apps.apple.com/us/app/uniswap-crypto-nft-wallet/id6443944476?uo=4
wallet,Blockchain: Buy Bitcoin,com.rainydayapps.Blockchain,Blockchain-UK Limited,https://www.blockchain.com/wallet,,Finance,4.70826,https://apps.apple.com/us/app/blockchain-buy-bitcoin/id493253309?uo=4
wallet,"Bitcoin.com Wallet: Buy, sell",com.bitcoin.mwallet,Saint Bitts LLC,https://wallet.bitcoin.com/,,Finance,4.67329,https://apps.apple.com/us/app/bitcoin-com-wallet-buy-sell/id1252903728?uo=4
wallet,Tangem - Crypto wallet,com.tangem.Tangem,Tangem AG,,,Finance,4.8894,https://apps.apple.com/us/app/tangem-crypto-wallet/id1354868448?uo=4
wallet,"PayPal - Pay, Send, Save",com.yourcompany.PPClient,"PayPal, Inc.",https://www.paypal.com/mobile,,Finance,4.78277,https://apps.apple.com/us/app/paypal-pay-send-save/id283646709?uo=4
wallet,JustPay Wallet,com.decardag.justpay,DECARD Group AG,https://decard.io,,Finance,5.0,https://apps.apple.com/us/app/justpay-wallet/id1669456689?uo=4
wallet,OKX: Buy Bitcoin BTC & Crypto,com.okex.OKExAppstoreFull,OKX MALTA LTD,https://www.okx.com/download,,Finance,4.61589,https://apps.apple.com/us/app/okx-buy-bitcoin-btc-crypto/id1327268470?uo=4
wallet,Folio: Digital Wallet App,com.folioltd.app,Folio Technologies Limited,https://folio.id,,Productivity,4.70037,https://apps.apple.com/us/app/folio-digital-wallet-app/id1266382717?uo=4
wallet,OBWallet,com.dssq.obwallet,JXJL Inc.,,,Utilities,5.0,https://apps.apple.com/us/app/obwallet/id6449669390?uo=4
wallet,Puzzle - Aleo Wallet,com.medici.puzzle,Medici Collective Co,https://puzzle.online/,,Utilities,4.54288,https://apps.apple.com/us/app/puzzle-aleo-wallet/id6450268321?uo=4
wallet,RICE: Your Crypto Wallet,com.rice.wallet,RICE TECHNOLOGIES PTE. LTD.,https://ricewallet.ai,,Finance,4.45098,https://apps.apple.com/us/app/rice-your-crypto-wallet/id1601004738?uo=4
wallet,DeBox: Messenger Crypto Wallet,space.debox.ios,DEBOX GLOBAL LTD,,,Social Networking,4.74444,https://apps.apple.com/us/app/debox-messenger-crypto-wallet/id6444485220?uo=4
wallet,Spell Wallet,spellwallet,Spell Labs LLC,,,Utilities,4.81004,https://apps.apple.com/us/app/spell-wallet/id6742400366?uo=4
wallet,StarKey Wallet,com.starkeywallet,Unity Chain Inc,,,Finance,4.16279,https://apps.apple.com/us/app/starkey-wallet/id6636478764?uo=4
wallet,Nabox: BTC & ETH Web3 Wallet,com.nabox.v3,HASHTREE INTERNATIONAL GROUP LIMITED,,,Utilities,4.38462,https://apps.apple.com/us/app/nabox-btc-eth-web3-wallet/id6443821021?uo=4
wallet,EVER Wallet: Everscale,com.broxus.crystal.app,Finstream OU,,,Finance,4.57143,https://apps.apple.com/us/app/ever-wallet-everscale/id1581310780?uo=4
wallet,Pass4Wallet - store cards,com.girappe.ToPass,Andrzej Michnia GirAppe Studio,,,Utilities,4.47788,https://apps.apple.com/us/app/pass4wallet-store-cards/id1423106610?uo=4
wallet,Robinhood Wallet: Swap Crypto,com.robinhood.release.Gateway,Robinhood Markets Inc,https://robinhood.com/web3-wallet,,Finance,4.65027,https://apps.apple.com/us/app/robinhood-wallet-swap-crypto/id1634080733?uo=4
wallet,Moonshine Wallet,com.kisswallet,Ferryman Fin LLC,https://moonshinewallet.com/,,Finance,5.0,https://apps.apple.com/us/app/moonshine-wallet/id1449385577?uo=4
wallet,Gaya: AI Crypto Wallet,com.gayaTest.live,Blockmob Labs Limited,,,Finance,4.27419,https://apps.apple.com/us/app/gaya-ai-crypto-wallet/id6741714278?uo=4
wallet,Airbitz - Bitcoin Wallet,co.airbitz.airbitz,Airbitz Inc,http://airbitz.co,,Finance,3.84146,https://apps.apple.com/us/app/airbitz-bitcoin-wallet/id843536046?uo=4
wallet,TuumIO Wallet,care.solve.B2C,Solve.Care Foundation OU,https://tuumio.com,,Health & Fitness,4.5,https://apps.apple.com/us/app/tuumio-wallet/id1434240426?uo=4
wallet,Stargazer Wallet,io.constellationnetwork.stargazer.mobile,"CONSTELLATION NETWORK, INC",https://constellationnetwork.io/stargazer-wallet/,,Finance,4.50331,https://apps.apple.com/us/app/stargazer-wallet/id1612326452?uo=4
wallet,Tonhub: Crypto Wallet & Card,com.tonhub.app,Whales Corp,https://tonhub.com,,Finance,4.46296,https://apps.apple.com/us/app/tonhub-crypto-wallet-card/id1607656232?uo=4
wallet,NEAR Mobile - Crypto Wallet,com.peersyst.nearmobilewallet,Peersyst Technology SL,https://nearmobile.app/,,Finance,4.4963,https://apps.apple.com/us/app/near-mobile-crypto-wallet/id6443501225?uo=4
wallet,Vesseo: Your USDC Wallet,io.sunship.app,"SUNSHIP, INC.",https://vesseoapp.com,,Finance,4.65217,https://apps.apple.com/us/app/vesseo-your-usdc-wallet/id1514223107?uo=4
wallet,Beem - Digital Wallet,it.beem.app,DIGITAL WALLET PTY LTD,,,Finance,4.73154,https://apps.apple.com/us/app/beem-digital-wallet/id1363864739?uo=4
wallet,Stack Wallet by Cypher Stack,com.cypherstack.stackwallet,Cypher Stack LLC,https://stackwallet.com/,,Finance,4.36364,https://apps.apple.com/us/app/stack-wallet-by-cypher-stack/id1634811534?uo=4
wallet,"Holdstation Wallet: Crypto, AI",io.holdstation.lite,HOLDSTATION STOCK COMPANY,https://holdstation.com,,Finance,4.54717,https://apps.apple.com/us/app/holdstation-wallet-crypto-ai/id6444925618?uo=4
wallet,MEPS National Wallet,com.progressoft.nwallet.customer,MIDDLE EAST PAYMENT SERVICES LTD,https://mepspay.com,,Finance,5.0,https://apps.apple.com/us/app/meps-national-wallet/id1541522152?uo=4
payment,Payment: Stripe Tap to Pay,com.Nudge.Pay,PocketVendor Inc,https://paymentforstripe.com,,Business,4.80087,https://apps.apple.com/us/app/payment-stripe-tap-to-pay/id953273985?uo=4
payment,"PayPal - Pay, Send, Save",com.yourcompany.PPClient,"PayPal, Inc.",https://www.paypal.com/mobile,,Finance,4.78277,https://apps.apple.com/us/app/paypal-pay-send-save/id283646709?uo=4
payment,Venmo,net.kortina.labs.Venmo,"The Delancey Corporation, LLC",https://venmo.com/,,Finance,4.85218,https://apps.apple.com/us/app/venmo/id351727428?uo=4
payment,Cash App,com.squareup.cash,"Block, Inc.",https://cash.app,,Finance,4.79157,https://apps.apple.com/us/app/cash-app/id711923939?uo=4
payment,Square Point of Sale (POS),com.squareup.square,"Block, Inc.",https://squareup.com,,Business,4.81356,https://apps.apple.com/us/app/square-point-of-sale-pos/id335393788?uo=4
payment,Tap to Pay + Contactless + POS,net.accept.ttp,ACCEPT PAYMENT COMPANY,,,Business,4.79774,https://apps.apple.com/us/app/tap-to-pay-contactless-pos/id6473804181?uo=4
payment,"Affirm: Buy now, pay over time",com.affirm.recharge,"Affirm, Inc",http://www.affirm.com,,Shopping,4.86639,https://apps.apple.com/us/app/affirm-buy-now-pay-over-time/id967040652?uo=4
payment,"Sezzle - Shop, Save, Earn",com.sezzle.sezzlemobile,Sezzle Inc.,https://sezzle.com,,Shopping,4.88145,https://apps.apple.com/us/app/sezzle-shop-save-earn/id1434922495?uo=4
payment,Klarna: Smarter everyday money,com.klarna.app,Klarna Bank AB,https://www.klarna.com/us,,Finance,4.85956,https://apps.apple.com/us/app/klarna-smarter-everyday-money/id1115120118?uo=4
payment,Afterpay: Pay over time,com.afterpay.afterpay-consumer-us,Afterpay Holdings Ltd,https://www.afterpay.com,,Shopping,4.91746,https://apps.apple.com/us/app/afterpay-pay-over-time/id1401019110?uo=4
payment,"Zip - Buy Now, Pay Later",com.quadpay.mobile-app,"Zip Co US, Inc.",https://zip.co/us,,Shopping,4.9265,https://apps.apple.com/us/app/zip-buy-now-pay-later/id1425045070?uo=4
payment,"Four | Buy Now, Pay Later",com.paywithfour,"Four Technologies, Inc.",,,Shopping,4.77521,https://apps.apple.com/us/app/four-buy-now-pay-later/id1527063669?uo=4
payment,Paytm: Secure UPI Payments,com.one97.paytm,PayTM Mobile Solutions Private Limited,http://www.paytm.com,,Finance,4.6612,https://apps.apple.com/us/app/paytm-secure-upi-payments/id473941634?uo=4
payment,JIM: Tap to Pay & Payment Link,io.cloudwalk.jim,"CloudWalk, Inc.",https://jim.com/,,Finance,4.70071,https://apps.apple.com/us/app/jim-tap-to-pay-payment-link/id6450964559?uo=4
payment,PhonePe: Secure Payments App,com.phonepe.PhonePeApp,PHONEPE PRIVATE LIMITED,https://www.phonepe.com/en/index.html,,Finance,4.76177,https://apps.apple.com/us/app/phonepe-secure-payments-app/id1170055821?uo=4
payment,QuickBooks GoPayment POS,com.intuit.GoPayment,Intuit Inc.,http://gopayment.com/,,Business,4.76373,https://apps.apple.com/us/app/quickbooks-gopayment-pos/id324389392?uo=4
payment,Tamara | Shop Now Pay Later,co.tamara,Tamara FZE,,,Finance,4.69413,https://apps.apple.com/us/app/tamara-shop-now-pay-later/id1533512531?uo=4
payment,Skrill - Pay & Transfer Money,com.skrill.ios.SkrillPayments,Skrill Ltd,https://www.skrill.com/,,Finance,4.57536,https://apps.apple.com/us/app/skrill-pay-transfer-money/id718248239?uo=4
payment,ChargeStripe - Stripe Payments,com.adappt.Charge,SureSwift Worldwide Inc.,https://www.chargestripe.com/,,Business,4.61624,https://apps.apple.com/us/app/chargestripe-stripe-payments/id1103374458?uo=4
payment,Airtel Thanks: Recharge & Bank,com.BhartiMobile.myairtel,Bharti Airtel Limited,http://www.airtel.in/airtel-thanks-app,,Lifestyle,4.23691,https://apps.apple.com/us/app/airtel-thanks-recharge-bank/id543184334?uo=4
payment,Wise - Global Money,com.transferwise.Transferwise,Wise Payments Ltd,https://wise.com/us/,,Finance,4.65994,https://apps.apple.com/us/app/wise-global-money/id612261027?uo=4
payment,Payoneer - Business Payments,com.Payoneer.PayoneerDevAdHoc,Payoneer Inc,https://www.payoneer.com,,Finance,4.48047,https://apps.apple.com/us/app/payoneer-business-payments/id663338402?uo=4
payment,"iMobile: Loan, Cards & Banking",com.icicibank.imobile,ICICI Bank Ltd,https://www.icici.bank.in/personal-banking/ways-to-bank/mobile-banking/imobile.html,,Finance,4.78315,https://apps.apple.com/us/app/imobile-loan-cards-banking/id375276006?uo=4
payment,Stripe Dashboard,com.stripe.dashboard,Stripe Inc,https://stripe.com,,Business,4.70862,https://apps.apple.com/us/app/stripe-dashboard/id978516833?uo=4
payment,GoDaddy Commerce: POS Payments,com.godaddy.goapp,GoDaddy Mobile LLC,https://www.godaddy.com,,Business,4.70101,https://apps.apple.com/us/app/godaddy-commerce-pos-payments/id1152717397?uo=4
payment,"CRED: UPI, Bills, Credit Cards",com.dreamplug.cred,Dreamplug Technologies Private Limited,,,Finance,4.82733,https://apps.apple.com/us/app/cred-upi-bills-credit-cards/id1428580080?uo=4
payment,PayPal Business,com.paypal.merchant,"PayPal, Inc.",https://www.paypal.com/us/webapps/mpp/business-app,,Business,4.19177,https://apps.apple.com/us/app/paypal-business/id1053148887?uo=4
payment,BlinxPay,com.veritecinc.blinxpay,"Veritec, Inc.",https://www.blinxpay.com,,Finance,5.0,https://apps.apple.com/us/app/blinxpay/id1124540627?uo=4
payment,BHIM Bharat's Own Payments App,in.org.npci.ios.upiapp,National Payments Corporation of India,https://www.bhimupi.org.in,,Finance,4.3731,https://apps.apple.com/us/app/bhim-bharats-own-payments-app/id1200315258?uo=4
payment,BILL AP & AR Business Payments,com.bdc.bill,Bill.com,http://www.bill.com,,Business,4.86515,https://apps.apple.com/us/app/bill-ap-ar-business-payments/id980353334?uo=4
payment,Invoice maker: Payment tracker,com.dhruvil188.invoice,dhruvil patel,https://sites.google.com/view/invoice-maker-payment-tracker/support,,Business,0.0,https://apps.apple.com/us/app/invoice-maker-payment-tracker/id6759443163?uo=4
payment,Payanywhere: Point of Sale POS,com.bancard.payanywhere,"North American Bancard, Inc.",http://www.payanywhere.com,,Business,3.65184,https://apps.apple.com/us/app/payanywhere-point-of-sale-pos/id404066296?uo=4
payment,Pay with ME - Mobile Payment,com.syngenio.customer.ziib.charlie,ZIIB Zahlungssysteme GmbH,,,Finance,3.85714,https://apps.apple.com/us/app/pay-with-me-mobile-payment/id1486288217?uo=4
payment,Melio Business Payments,com.meliopayments.melio,Melio Payments Inc.,https://melio.com,,Finance,4.60945,https://apps.apple.com/us/app/melio-business-payments/id1600209586?uo=4
payment,Razorpay - Accept Payments Now,com.razorpay.payments.app,Razorpay Software Private Limited,,,Finance,4.09091,https://apps.apple.com/us/app/razorpay-accept-payments-now/id1497250144?uo=4
payment,Paymennt | Payments on the go,com.pointcheckout.terminal,PointCheckout Holding Company Limited,https://www.paymennt.com,,Finance,3.66667,https://apps.apple.com/us/app/paymennt-payments-on-the-go/id1505434910?uo=4
payment,Chipper Cash,com.chippercash,"Critical Ideas, Inc.",https://chippercash.com,,Finance,4.35647,https://apps.apple.com/us/app/chipper-cash/id1353631552?uo=4
payment,Ziina: Send. Spend. Get Paid.,com.ziina.app,Ziina Inc,https://ziina.com/,,Finance,4.75124,https://apps.apple.com/us/app/ziina-send-spend-get-paid/id1507246381?uo=4
payment,Nomod | Payment Links,com.nomod.next,Nomod Inc.,https://nomod.com,,Business,4.79545,https://apps.apple.com/us/app/nomod-payment-links/id1541984830?uo=4
payment,ScanPay - Payments & Invoicing,tech.scanpay.merchant,SCANPAY PTE. LTD.,https://www.goscanpay.com/,,Business,4.62908,https://apps.apple.com/us/app/scanpay-payments-invoicing/id1572936786?uo=4
payment,RedotPay: Crypto Card & Pay,com.redotpay,Red Dot Technology Limited,https://www.redotpay.com,,Finance,4.78878,https://apps.apple.com/us/app/redotpay-crypto-card-pay/id6449689356?uo=4
payment,Hala - Payments Redefined,sa.halalah.halalah,HalalaH Company,https://hala.com/,,Finance,4.50641,https://apps.apple.com/us/app/hala-payments-redefined/id1281314108?uo=4
payment,Tabby | Shop Now. Pay Later,app.tabby.client,Tabby FZ LLC,https://tabby.ai/,,Finance,4.78354,https://apps.apple.com/us/app/tabby-shop-now-pay-later/id1528022364?uo=4
payment,ShinePay,com.CleanPayApp.CleanPay,THE HARVEST COLLECTIVE LLC,http://www.shinepay.co,,Finance,4.64024,https://apps.apple.com/us/app/shinepay/id1265933218?uo=4
invoice,Invoice Simple: Invoice Maker,com.logicalengine.qsei,Zenvoice Inc.,https://www.invoicesimple.com,,Business,4.8695,https://apps.apple.com/us/app/invoice-simple-invoice-maker/id694831622?uo=4
invoice,Invoice Maker ▸ Estimate App,com.getpaidapp.invoices,GetPaid Inc.,https://tofu.com/product/invoice-maker-app,,Business,4.84318,https://apps.apple.com/us/app/invoice-maker-estimate-app/id1314873764?uo=4
invoice,Invoice2go: Easy Invoice Maker,com.invoice2go.plus,"Invoice2Go, LLC",https://invoice.2go.com/,,Business,4.8506,https://apps.apple.com/us/app/invoice2go-easy-invoice-maker/id540236748?uo=4
invoice,Invoice & Estimate Maker,com.svgapps.invoice,SVG Apps,https://svgapps.com/invoice-estimate-maker/,,Business,4.85205,https://apps.apple.com/us/app/invoice-estimate-maker/id1271353929?uo=4
invoice,Square Invoices: Invoice Maker,com.squareup.invoices,"Block, Inc.",http://squareup.com/us/en/invoices,,Business,4.83662,https://apps.apple.com/us/app/square-invoices-invoice-maker/id1405254630?uo=4
invoice,Invoice Maker - Invoice Fly,io.labhouse.invoicesapp,Labhouse Mobile SL,https://invoicefly.com,,Business,4.79219,https://apps.apple.com/us/app/invoice-maker-invoice-fly/id1606911248?uo=4
invoice,Invoice Maker & Estimate App,bookipi.invoice.maker.estimate.billing.2go,Bookipi Pty Ltd,https://bookipi.com/,,Finance,4.88947,https://apps.apple.com/us/app/invoice-maker-estimate-app/id1419627421?uo=4
invoice,Invoice Generator - Zoho,com.zoho.zinvoicegenerator,Zoho Corporation,https://www.zoho.com/invoice/invoice-generator.html,,Business,4.87172,https://apps.apple.com/us/app/invoice-generator-zoho/id1061863220?uo=4
invoice,Freebie Invoice Maker,com.billdu.invoiceproformamaker,Invoice Maker Pro s.r.o.,,,Finance,4.8852,https://apps.apple.com/us/app/freebie-invoice-maker/id1590349103?uo=4
invoice,Zoho Invoice Maker App,com.zoho.zinvoice,Zoho Corporation,https://www.zoho.com/invoice,,Business,4.86075,https://apps.apple.com/us/app/zoho-invoice-maker-app/id413017364?uo=4
invoice,Easy Invoice Maker App,com.billdu.freemaker,Invoice Generator s.r.o.,,,Finance,4.87513,https://apps.apple.com/us/app/easy-invoice-maker-app/id1568511681?uo=4
invoice,Billdu: Invoice Estimate Maker,sk.kreative.iFakturyDE,BILLDU LTD,http://www.billdu.com,,Business,4.82632,https://apps.apple.com/us/app/billdu-invoice-estimate-maker/id527885754?uo=4
invoice,Easy Invoice Maker App by Moon,com.moontechnolabs.MoonbooksPro,Moon Technolabs Private Limited,https://www.mooninvoice.com?utm_source=itunes_marketing&utm_medium=ios,,Finance,4.69365,https://apps.apple.com/us/app/easy-invoice-maker-app-by-moon/id1008723643?uo=4
invoice,Invoice Maker for Contractors,app.maker.fatura,Supernova Ltd,,,Finance,4.83636,https://apps.apple.com/us/app/invoice-maker-for-contractors/id6642699503?uo=4
invoice,Invoice Maker by Invoice Home,com.wikilane.invoicehome,Invoice Home Inc.,https://invoicehome.com,,Business,4.56125,https://apps.apple.com/us/app/invoice-maker-by-invoice-home/id1435778692?uo=4
invoice,Intuit QuickBooks for Business,com.intuit.QBOiPad,Intuit Inc.,https://quickbooks.intuit.com,,Business,4.72639,https://apps.apple.com/us/app/intuit-quickbooks-for-business/id584606479?uo=4
invoice,Wave: Small Business Software,com.waveaccounting.coral,Wave Financial Inc,https://www.waveapps.com/invoice-mobile,,Business,4.39219,https://apps.apple.com/us/app/wave-small-business-software/id881629660?uo=4
invoice,Joist: Estimate Invoice Maker,com.joistapp.joist,Joist Software Inc.,https://www.joist.com,,Business,4.7262,https://apps.apple.com/us/app/joist-estimate-invoice-maker/id592163563?uo=4
invoice,Invoice Maker: Simple Generate,com.digitalAdvertisement.invoiceMaker,Priit Magi,https://sites.google.com/view/invoice-maker-application/privacy-policy,,Finance,4.6828,https://apps.apple.com/us/app/invoice-maker-simple-generate/id6443814222?uo=4
invoice,Invoice Maker App -InvoiceBase,com.gulooloo.invoice,"Gulooloo Tech Co., Limited",https://www.guloolootech.com/,,Business,4.77533,https://apps.apple.com/us/app/invoice-maker-app-invoicebase/id1614431204?uo=4
invoice,Tiny Invoice - Invoice Maker,com.btgs.turboinvoice,TinyWork Apps,,,Business,4.7766,https://apps.apple.com/us/app/tiny-invoice-invoice-maker/id679572722?uo=4
invoice,Invoice & Receipt Maker: Smart,com.make.your.invoice,Ashton Black,,,Utilities,4.66327,https://apps.apple.com/us/app/invoice-receipt-maker-smart/id6747164323?uo=4
invoice,Invoice Maker・Estimate App,app.the-invoice-machine.ios,DYNAMIC FALCON - UNIPESSOAL LDA,,,Finance,4.87047,https://apps.apple.com/us/app/invoice-maker-estimate-app/id6739814340?uo=4
invoice,Invoice Maker・The Estimate App,com.simple.invoice.maker,Saldo Apps Inc.,https://saldoapps.com,,Business,4.75194,https://apps.apple.com/us/app/invoice-maker-the-estimate-app/id1447239633?uo=4
invoice,"Swift Invoice, Invoice Maker,",com.R29Z5H5UJW.InvoiceSky,"Shanghai Yuyan Network Technology Co., Ltd",https://www.swiftinvoice.io,,Business,4.81625,https://apps.apple.com/us/app/swift-invoice-invoice-maker/id1147891367?uo=4
invoice,FreshBooks Invoicing App,com.freshbooks.helios,2ndSite Inc,https://www.freshbooks.com/?utm_source=Mobile&utm_medium=iTunes-Description-Page&utm_campaign=Homepage-Marketing,,Business,4.70106,https://apps.apple.com/us/app/freshbooks-invoicing-app/id1052884030?uo=4
invoice,Invoice Maker Simple Generator,com.9xdata.invoicemaker,"3100 Michigan Apartments, L.P.",,,Business,4.71875,https://apps.apple.com/us/app/invoice-maker-simple-generator/id6451054831?uo=4
invoice,Invoice maker: Payment tracker,com.dhruvil188.invoice,dhruvil patel,https://sites.google.com/view/invoice-maker-payment-tracker/support,,Business,0.0,https://apps.apple.com/us/app/invoice-maker-payment-tracker/id6759443163?uo=4
invoice,PDF Converter - Word to PDF,com.pdf-converter.ios,Minimodev Technologies LTD,https://minimodev.com,,Productivity,4.72163,https://apps.apple.com/us/app/pdf-converter-word-to-pdf/id1515133401?uo=4
invoice,InvoiceNow: Easy Invoice Maker,invoicemaker.invoicenow,InvoiceNow Limited,https://www.invoicenow.vip/,,Business,4.66327,https://apps.apple.com/us/app/invoicenow-easy-invoice-maker/id6743383890?uo=4
invoice,Easy Invoice Maker & Generator,uk.co.geode.easyinvoice,Marla International Limited,https://easyinvoiceapp.com,,Business,4.76176,https://apps.apple.com/us/app/easy-invoice-maker-generator/id579897691?uo=4
invoice,"Invoice Maker, Create Estimate",com.invoice.instabooks,Ifrah Jahangir,,,Business,4.22058,https://apps.apple.com/us/app/invoice-maker-create-estimate/id1592288745?uo=4
invoice,FreeMaker - Invoice Maker,com.baranec.maker,Simple Apps s.r.o.,,,Finance,4.88335,https://apps.apple.com/us/app/freemaker-invoice-maker/id1593605951?uo=4
invoice,Street Invoice,com.ontrac.streetinvoice,Ontrac Mobile LLC,http://streetinvoice.com,,Business,4.83513,https://apps.apple.com/us/app/street-invoice/id955853277?uo=4
invoice,Zintego - Invoice Maker,com.monsterbrainstudios.zintego,Monster Brain Studios Ltd,https://www.zintego.com/,,Business,4.744,https://apps.apple.com/us/app/zintego-invoice-maker/id1633262757?uo=4
invoice,Invoice Maker: Bill Generator.,com.johnPaley.inv,Klaus-Peter Hansen,,,Utilities,4.83333,https://apps.apple.com/us/app/invoice-maker-bill-generator/id6746938705?uo=4
invoice,Invoice Maker PRO.,com.gamifiedapps.freeinvoice,B TO J PTY LTD,http://invoicemkr.com,,Business,4.80518,https://apps.apple.com/us/app/invoice-maker-pro/id871567776?uo=4
invoice,Invoice Simple Maker App,com.mobileapps.invoicemaker,Eli Bitton,https://www.invoicemakeronline.com/strategy,,Business,4.81442,https://apps.apple.com/us/app/invoice-simple-maker-app/id1583747643?uo=4
invoice,Invoice Maker by SPK,com.spkstudiosllc.invoicemakerapp,SPK Studios LLC,,,Business,4.80361,https://apps.apple.com/us/app/invoice-maker-by-spk/id1575877820?uo=4
invoice,Redbox Invoice Maker,com.redbox.invoice,"ONEWORLD INFORMATION TECHNOLOGY CO., LTD",https://invoice.redbox.menu/,,Business,4.74074,https://apps.apple.com/us/app/redbox-invoice-maker/id6747027833?uo=4
invoice,Invoice Maker – Create & Send,com.invoicemaker.generator,OneRack,https://www.onerack.nl/apps/invoice_maker,,Business,4.90566,https://apps.apple.com/us/app/invoice-maker-create-send/id6754464566?uo=4
invoice,Invoice Maker‎,invoice.estimate.bestmaker.app,Vladimir Pronin,https://invoice.bestmaker.app,,Business,4.66049,https://apps.apple.com/us/app/invoice-maker/id1496250580?uo=4
invoice,Invoice Bee Estimate Maker 2Go,com.invoice.bee,Bookipi Pty Ltd,,,Business,4.81271,https://apps.apple.com/us/app/invoice-bee-estimate-maker-2go/id1132093614?uo=4
invoice,Workly for Pros,com.sergeikarapetyan.invoicemaker,Sergey Karapetyan,,,Business,4.87692,https://apps.apple.com/us/app/workly-for-pros/id6745441308?uo=4
invoice,"Invoice maker, Quote builder",com.leonid.Invoicer,Alexandr Peancovschi,,,Business,4.65909,https://apps.apple.com/us/app/invoice-maker-quote-builder/id1538355349?uo=4
invoice,Invoice app: Bill Generator,com.kemalkuliev.invoice,NOSH DESIGNS N DECOR PRIVATE LIMITED,,,Business,5.0,https://apps.apple.com/us/app/invoice-app-bill-generator/id6743754635?uo=4
invoice,myBillBook Billing Software,com.valorem.billbook,Valorem Stack Private Limited,https://mybillbook.in/,,Business,4.07143,https://apps.apple.com/us/app/mybillbook-billing-software/id1612498254?uo=4
